{
  "mean": [
    1.0022467374801636,
    -0.6490617394447327,
    0.566714346408844,
    1.0041089057922363,
    1.4192930459976196
  ],
  "std": [
    0.14452484250068665,
    0.4201042652130127,
    0.36405935883522034,
    0.23716053366661072,
    5.519890308380127
  ]
}